{
  "sm_lin_quad_cT1": {
    "PS_FSR": [
      0.9998178446970392, 
      0.9997577060696349
    ], 
    "CMS_PU_2016": [
      0.999106950110202, 
      1.0008116998221703
    ], 
    "PS_ISR": [
      0.9998489852418335, 
      1.0019134382795711
    ]
  }, 
  "quad_cT1": {
    "PS_FSR": [
      0.9988328286498288, 
      0.996294345041646
    ], 
    "CMS_PU_2016": [
      0.9989303954244256, 
      1.0007749374758834
    ], 
    "PS_ISR": [
      1.0000196522271019, 
      1.0142023964197537
    ]
  }
}