{
  "quad_cT1": {
    "PS_FSR": [
      0.9945517160220223, 
      0.9907638796894123
    ], 
    "CMS_PU_2016": [
      1.0001900541875672, 
      1.0001493271299202
    ], 
    "PS_ISR": [
      1.005860129952381, 
      1.0112753855870789
    ]
  }, 
  "sm_lin_quad_cS2": {}, 
  "sm_lin_quad_cS0": {
    "PS_FSR": [
      0.9999690442257588, 
      0.998928301593186
    ], 
    "CMS_PU_2016": [
      0.999424175698292, 
      1.0005544040685617
    ], 
    "PS_ISR": [
      0.9995424204437527, 
      0.9991447285286245
    ]
  }, 
  "quad_cT0": {
    "PS_FSR": [
      0.9999909961619695, 
      0.99995755156687
    ], 
    "CMS_PU_2016": [
      0.9990744361946342, 
      1.0008760059295425
    ], 
    "PS_ISR": [
      0.99989333056538, 
      0.9994122031646699
    ]
  }, 
  "quad_cS2": {}, 
  "quad_cS0": {
    "PS_FSR": [
      1.0013695820715658, 
      0.9982339666021204
    ], 
    "CMS_PU_2016": [
      0.999836161553013, 
      1.0000007792555203
    ], 
    "PS_ISR": [
      0.9969256353970976, 
      0.975658734994727
    ]
  }, 
  "quad_cS1": {
    "PS_FSR": [
      1.0005386130666396, 
      0.9957326526762179
    ], 
    "CMS_PU_2016": [
      0.9990868444203193, 
      1.0013589447229998
    ], 
    "PS_ISR": [
      0.9979967983697066, 
      1.006205512855115
    ]
  }, 
  "sm_lin_quad_cM8": {}, 
  "sm_lin_quad_cM9": {}, 
  "sm_lin_quad_cT1": {
    "PS_FSR": [
      0.9999690442257588, 
      0.9989283015931858
    ], 
    "CMS_PU_2016": [
      0.9994241756982919, 
      1.0005544040685617
    ], 
    "PS_ISR": [
      0.9995424204437529, 
      0.9991447285286245
    ]
  }, 
  "sm_lin_quad_cM3": {
    "PS_FSR": [
      0.999969044225759, 
      0.9989283015931861
    ], 
    "CMS_PU_2016": [
      0.999424175698292, 
      1.000554404068562
    ], 
    "PS_ISR": [
      0.9995424204437533, 
      0.9991447285286245
    ]
  }, 
  "sm_lin_quad_cT0": {
    "PS_FSR": [
      0.9999690442257586, 
      0.9989283015931858
    ], 
    "CMS_PU_2016": [
      0.9994241756982919, 
      1.0005544040685617
    ], 
    "PS_ISR": [
      0.9995424204437527, 
      0.9991447285286245
    ]
  }, 
  "sm_lin_quad_cM2": {
    "PS_FSR": [
      0.9999690442257586, 
      0.9989283015931858
    ], 
    "CMS_PU_2016": [
      0.999424175698292, 
      1.0005544040685617
    ], 
    "PS_ISR": [
      0.9995424204437527, 
      0.9991447285286245
    ]
  }, 
  "sm_lin_quad_cS1": {
    "PS_FSR": [
      0.9999690442257588, 
      0.998928301593186
    ], 
    "CMS_PU_2016": [
      0.999424175698292, 
      1.0005544040685619
    ], 
    "PS_ISR": [
      0.9995424204437529, 
      0.9991447285286245
    ]
  }, 
  "quad_cM8": {}, 
  "quad_cM9": {}, 
  "quad_cM4": {
    "PS_FSR": [
      1.0011809051996083, 
      0.999215597760203
    ], 
    "CMS_PU_2016": [
      0.998708695145959, 
      1.0013743692004788
    ], 
    "PS_ISR": [
      0.9986462508227119, 
      0.9914461213363067
    ]
  }, 
  "quad_cM5": {
    "PS_FSR": [
      1.0017690282598715, 
      1.0004785545891717
    ], 
    "CMS_PU_2016": [
      0.9987978742877641, 
      1.0011756570145072
    ], 
    "PS_ISR": [
      0.9974102725614349, 
      0.9802015092797098
    ]
  }, 
  "quad_cM6": {}, 
  "quad_cM7": {
    "PS_FSR": [
      0.9954884310829671, 
      0.9918550160783037
    ], 
    "CMS_PU_2016": [
      0.9997961984530218, 
      1.0005429004335102
    ], 
    "PS_ISR": [
      1.0063534558015157, 
      0.9955037793582078
    ]
  }, 
  "quad_cM0": {
    "PS_FSR": [
      0.9999724310466253, 
      0.9996561791720032
    ], 
    "CMS_PU_2016": [
      0.9990750572714411, 
      1.0008847425920784
    ], 
    "PS_ISR": [
      0.9998783076057476, 
      1.0004537412183043
    ]
  }, 
  "quad_cM1": {
    "PS_FSR": [
      0.9978460481542938, 
      0.9958374824837838
    ], 
    "CMS_PU_2016": [
      0.9994436346535045, 
      1.0007391526599418
    ], 
    "PS_ISR": [
      1.0026685807777465, 
      0.9876920314785764
    ]
  }, 
  "quad_cM2": {
    "PS_FSR": [
      0.9999969153658206, 
      0.9997544752700598
    ], 
    "CMS_PU_2016": [
      0.9990405128361425, 
      1.0008207251108208
    ], 
    "PS_ISR": [
      1.0002547663378256, 
      1.0001458372694954
    ]
  }, 
  "quad_cM3": {
    "PS_FSR": [
      1.0014204993095879, 
      1.001994205364245
    ], 
    "CMS_PU_2016": [
      0.9988487570544443, 
      1.0009755186421743
    ], 
    "PS_ISR": [
      0.9979454070146602, 
      0.9764905086847004
    ]
  }, 
  "quad_cT7": {
    "PS_FSR": [
      0.9994896780686472, 
      0.9980266391499764
    ], 
    "CMS_PU_2016": [
      0.9991711323393402, 
      1.0008211190880183
    ], 
    "PS_ISR": [
      1.001139489665249, 
      1.0017312935826714
    ]
  }, 
  "quad_cT6": {
    "PS_FSR": [
      1.0006012557742312, 
      0.9956989856141305
    ], 
    "CMS_PU_2016": [
      0.9989110787510702, 
      1.0015681393338185
    ], 
    "PS_ISR": [
      1.0000790096577608, 
      1.001503321289274
    ]
  }, 
  "quad_cT5": {
    "PS_FSR": [
      0.9999889120905449, 
      0.9997421654384292
    ], 
    "CMS_PU_2016": [
      0.9990373223114535, 
      1.000828260216636
    ], 
    "PS_ISR": [
      1.0002395155119397, 
      1.000296844649436
    ]
  }, 
  "quad_cT4": {
    "PS_FSR": [
      1.0004176031879006, 
      0.9970836810886959
    ], 
    "CMS_PU_2016": [
      0.9989505029904737, 
      1.0013236348770636
    ], 
    "PS_ISR": [
      1.0001074363072824, 
      1.0006793386867567
    ]
  }, 
  "quad_cT3": {
    "PS_FSR": [
      0.9941011421345949, 
      0.9900901416922719
    ], 
    "CMS_PU_2016": [
      1.0003335376274116, 
      1.0000425357563434
    ], 
    "PS_ISR": [
      1.0062198493319423, 
      1.0117777265474992
    ]
  }, 
  "quad_cT2": {
    "PS_FSR": [
      0.9965761258752779, 
      0.994244280382468
    ], 
    "CMS_PU_2016": [
      1.000192304384785, 
      1.0000391091918908
    ], 
    "PS_ISR": [
      1.0018921403477479, 
      1.0039821053640146
    ]
  }, 
  "sm_lin_quad_cT9": {
    "PS_FSR": [
      0.9999690442257588, 
      0.998928301593186
    ], 
    "CMS_PU_2016": [
      0.9994241756982919, 
      1.0005544040685614
    ], 
    "PS_ISR": [
      0.9995424204437527, 
      0.9991447285286245
    ]
  }, 
  "sm_lin_quad_cT8": {
    "PS_FSR": [
      0.9999690442257588, 
      0.998928301593186
    ], 
    "CMS_PU_2016": [
      0.9994241756982919, 
      1.0005544040685617
    ], 
    "PS_ISR": [
      0.9995424204437529, 
      0.9991447285286242
    ]
  }, 
  "sm_lin_quad_cT7": {
    "PS_FSR": [
      0.9999690442257588, 
      0.998928301593186
    ], 
    "CMS_PU_2016": [
      0.9994241756982919, 
      1.0005544040685617
    ], 
    "PS_ISR": [
      0.9995424204437527, 
      0.9991447285286245
    ]
  }, 
  "sm_lin_quad_cT6": {
    "PS_FSR": [
      0.9999690442257588, 
      0.9989283015931861
    ], 
    "CMS_PU_2016": [
      0.999424175698292, 
      1.0005544040685617
    ], 
    "PS_ISR": [
      0.9995424204437527, 
      0.9991447285286245
    ]
  }, 
  "sm_lin_quad_cT5": {
    "PS_FSR": [
      0.9999690442257588, 
      0.998928301593186
    ], 
    "CMS_PU_2016": [
      0.9994241756982919, 
      1.0005544040685619
    ], 
    "PS_ISR": [
      0.9995424204437529, 
      0.9991447285286242
    ]
  }, 
  "sm_lin_quad_cT4": {
    "PS_FSR": [
      0.999969044225759, 
      0.9989283015931858
    ], 
    "CMS_PU_2016": [
      0.9994241756982919, 
      1.0005544040685617
    ], 
    "PS_ISR": [
      0.9995424204437529, 
      0.9991447285286242
    ]
  }, 
  "sm_lin_quad_cT3": {
    "PS_FSR": [
      0.999969044225759, 
      0.998928301593186
    ], 
    "CMS_PU_2016": [
      0.9994241756982922, 
      1.0005544040685617
    ], 
    "PS_ISR": [
      0.9995424204437529, 
      0.9991447285286245
    ]
  }, 
  "sm_lin_quad_cT2": {
    "PS_FSR": [
      0.999969044225759, 
      0.9989283015931861
    ], 
    "CMS_PU_2016": [
      0.9994241756982922, 
      1.0005544040685619
    ],