{
  "sm_lin_quad_cT0": {
    "CMS_PU_2016": [
      0.9989127632769392, 
      1.0015964764906318
    ]
  }, 
  "sm": {
    "CMS_PU_2016": [
      0.9983804657124176, 
      1.0015829053767318
    ]
  }, 
  "quad_cT0": {
    "CMS_PU_2016": [
      1.0028457363554353, 
      1.0009684555443408
    ]
  }
}