{
  "sm_lin_quad_cT0": {
    "CMS_PU_2016": [
      0.9989127632769694, 
      1.001596476490679
    ]
  }, 
  "sm": {
    "CMS_PU_2016": [
      0.9983804657124385, 
      1.0015829053767102
    ]
  }, 
  "quad_cT0": {
    "CMS_PU_2016": [
      1.0028457363553747, 
      1.0009684555442975
    ]
  }
}