{
  "sm_lin_quad_cM2": {
    "PS_FSR": [
      0.9998466755648967, 
      0.9998720827490493
    ], 
    "CMS_PU_2016": [
      0.9991062210659356, 
      1.0008037422299536
    ], 
    "PS_ISR": [
      0.9997403982039418, 
      1.0010961882820864
    ]
  }, 
  "sm_lin_quad_cS0": {
    "PS_FSR": [
      0.9998464599818239, 
      0.999873874528497
    ], 
    "CMS_PU_2016": [
      0.9991077644265263, 
      1.0008026957899478
    ], 
    "PS_ISR": [
      0.999735975824265, 
      1.001057782164508
    ]
  }, 
  "sm_lin_quad_cS1": {
    "PS_FSR": [
      0.9998471162369333, 
      0.9998764084525492
    ], 
    "CMS_PU_2016": [
      0.9991085573065291, 
      1.0008014405568055
    ], 
    "PS_ISR": [
      0.9997367104216696, 
      1.0010715354481716
    ]
  }, 
  "quad_cS0": {
    "PS_FSR": [
      0.997353440679947, 
      1.0004225328000338
    ], 
    "CMS_PU_2016": [
      0.9952089644266741, 
      1.0063498845652414
    ], 
    "PS_ISR": [
      0.9924598888089248, 
      0.821428073874063
    ]
  }, 
  "quad_cS1": {
    "PS_FSR": [
      0.9982294290638851, 
      0.9858955968996351
    ], 
    "CMS_PU_2016": [
      1.0006216381600201, 
      0.9988082367017462
    ], 
    "PS_ISR": [
      1.001392817210034, 
      0.9811138339956539
    ]
  }, 
  "sm_lin_quad_cM3": {
    "PS_FSR": [
      0.9998465252511349, 
      0.9998727071775426
    ], 
    "CMS_PU_2016": [
      0.99910866021865, 
      1.0008012602186762
    ], 
    "PS_ISR": [
      0.999741454353998, 
      1.0010828467355894
    ]
  }, 
  "quad_cM4": {
    "PS_FSR": [
      0.9934838279726298, 
      0.9829064889044918
    ], 
    "CMS_PU_2016": [
      1.0011639698242234, 
      0.9981154915763222
    ], 
    "PS_ISR": [
      1.0107911622320889, 
      1.051825373314345
    ]
  }, 
  "quad_cM5": {
    "PS_FSR": [
      0.9961965475505261, 
      0.991386037189364
    ], 
    "CMS_PU_2016": [
      1.0000019292690188, 
      0.9995913631946624
    ], 
    "PS_ISR": [
      1.0060028541258286, 
      1.033869921697857
    ]
  }, 
  "quad_cM6": {}, 
  "quad_cM7": {
    "PS_FSR": [
      0.9978830996628653, 
      0.9972345088239736
    ], 
    "CMS_PU_2016": [
      0.9995702582345717, 
      1.0002824670485433
    ], 
    "PS_ISR": [
      1.0031641906141435, 
      1.009366448193036
    ]
  }, 
  "quad_cM0": {
    "PS_FSR": [
      0.9996131277350535, 
      0.9986182683407938
    ], 
    "CMS_PU_2016": [
      0.9990903696343495, 
      1.0008728181225952
    ], 
    "PS_ISR": [
      1.0002350517017562, 
      1.0019475225858836
    ]
  }, 
  "quad_cM1": {
    "PS_FSR": [
      0.9981226236299754, 
      0.9966396336668194
    ], 
    "CMS_PU_2016": [
      0.9992994912241396, 
      1.0006411762801986
    ], 
    "PS_ISR": [
      1.0029036403463647, 
      1.0102373147646095
    ]
  }, 
  "quad_cM2": {
    "PS_FSR": [
      0.9999686669731256, 
      0.9994982813945412
    ], 
    "CMS_PU_2016": [
      0.9983513093242482, 
      1.0015858779427331
    ], 
    "PS_ISR": [
      0.9992194502396496, 
      1.0054417120446657
    ]
  }, 
  "quad_cM3": {
    "PS_FSR": [
      0.9988368762112637, 
      0.9979918973108314
    ], 
    "CMS_PU_2016": [
      0.9984135019358451, 
      1.0015816529582393
    ], 
    "PS_ISR": [
      1.0011923940464087, 
      1.013041225863004
    ]
  }, 
  "quad_cT7": {
    "PS_FSR": [
      0.9970144974935211, 
      0.9909556101996763
    ], 
    "CMS_PU_2016": [
      0.9999377113019747, 
      0.9996033072842532
    ], 
    "PS_ISR": [
      1.0037265679844536, 
      1.0247776867413902
    ]
  }, 
  "quad_cT6": {
    "PS_FSR": [
      0.9877226556845534, 
      0.9647674390552061
    ], 
    "CMS_PU_2016": [
      1.005768768180456, 
      0.9924857007058845
    ], 
    "PS_ISR": [
      1.018124048240502, 
      1.0947661392839858
    ]
  }, 
  "quad_cT5": {
    "PS_FSR": [
      0.9999532036017689, 
      0.9993842451515351
    ], 
    "CMS_PU_2016": [
      0.9984602186569634, 
      1.001485302493137
    ], 
    "PS_ISR": [
      0.9992699628912994, 
      1.0053819263565458
    ]
  }, 
  "quad_cT4": {
    "PS_FSR": [
      0.9905735288343168, 
      0.9725464016148092
    ], 
    "CMS_PU_2016": [
      1.0038345034601899, 
      0.994922830637251
    ], 
    "PS_ISR": [
      1.013864784999594, 
      1.0731839501171434
    ]
  }, 
  "sm_lin_quad_cM0": {
    "PS_FSR": [
      0.9998456226609773, 
      0.9998689076931917
    ], 
    "CMS_PU_2016": [
      0.9991087141825504, 
      1.0008013676508327
    ], 
    "PS_ISR": [
      0.9997382050845374, 
      1.0010638482362908
    ]
  }, 
  "quad_cT2": {
    "PS_FSR": [
      0.9986225218137349, 
      0.9945562722880753
    ], 
    "CMS_PU_2016": [
      0.9985802311166474, 
      1.0012116254686205
    ], 
    "PS_ISR": [
      0.9994003762127289, 
      1.0089617265280486
    ]
  }, 
  "sm_lin_quad_cT9": {
    "PS_FSR": [
      0.9998472983492248, 
      0.9999827035442479
    ], 
    "CMS_PU_2016": [
      0.9991631265235883, 
      1.000743304640946
    ], 
    "PS_ISR": [
      0.9998239213952789, 
      1.0020736883398396
    ]
  }, 
  "sm_lin_quad_cT8": {
    "PS_FSR": [
      0.9998516094794403, 
      0.9999694866106443
    ], 
    "CMS_PU_2016": [
      0.9991480260878036, 
      1.000760322097117
    ], 
    "PS_ISR": [
      0.9997912590009905, 
      1.0017532247298861
    ]
  }, 
  "sm_lin_quad_cT7": {
    "PS_FSR": [
      0.9998629753168486, 
      0.9999554595134066
    ], 
    "CMS_PU_2016": [
      0.9991257936272314, 
      1.0007826654295862
    ], 
    "PS_ISR": [
      0.999742955677407, 
      1.001570806677687
    ]
  }, 
  "sm_lin_quad_cT6": {
    "PS_FSR": [
      0.9997961287360484, 
      0.9997480849928978
    ], 
    "CMS_PU_2016": [
      0.9991663586810936, 
      1.0007337518696413
    ], 
    "PS_ISR": [
      0.999823624076523, 
      1.0018138029996082
    ]
  }, 
  "sm_lin_quad_cT5": {
    "PS_FSR": [
      0.9998579609520435, 
      0.9999116723739947
    ], 
    "CMS_PU_2016": [
      0.9991201732799949, 
      1.0007915118506834
    ], 
    "PS_ISR": [
      0.9997262649628386, 
      1.0014640466235567
    ]
  }, 
  "sm_lin_quad_cT4": {
    "PS_FSR": [
      0.9998353686737212, 
      0.9998461201661271
    ], 
    "CMS_PU_2016": [
      0.9991271928267601, 
      1.0007823620610103
    ], 
    "PS_ISR": [
      0.9997543954593496, 
      1.0013661141067682
    ]
  }, 
  "sm_lin_quad_cT3": {
    "PS_FSR": [
      0.999804672080308, 
      0.9997184026366334
    ], 
    "CMS_PU_2016": [
      0.9991028201159323, 
      1.000801953204112
    ], 
    "PS_ISR": [
      0.9997579141835858, 
      1.001799844812054
    ]
  }, 
  "sm_lin_quad_cT2": {
    "PS_FSR": [
      0.9998076291544696, 
      0.9997151322555097
    ], 
    "CMS_PU_2016": [
      0.9990922276662378, 
      1.000815544018899
    ], 
    "PS_ISR": [
      0.9997604968842018, 
      1.0016108162838653
    ]
  }, 
  "quad_cT9": {
    "PS_FSR": [
      0.9998545267599143, 
      1.0011436227132011
    ], 
    "CMS_PU_2016": [
      0.9990121798325373, 
      1.0009652318856943
    ], 
    "PS_ISR": [
      1.0010221146285705, 
      1.0110824866535626
    ]
  }, 
  "quad_cT8": {
    "PS_FSR": [
      1.1590461719943728, 
      14.800753290789512
    ], 
    "CMS_PU_2016": [
      1.4320463544168534, 
      0.8345121180164569
    ], 
    "PS_ISR": [
      1.4217826919900005, 
      -0.44512433559630155
    ]
  }, 
  "sm_lin_quad_cM4": {
    "PS_FSR": [
      0.9998330743416438, 
      0.9998330439324935
    ], 
    "CMS_PU_2016": [
      0.9991111602491834, 
      1.0007978743337311
    ], 
    "PS_ISR": [
      0.9997692209251103, 
      1.001287229388642
    ]
  }, 
  "sm_lin_quad_cM5": {
    "PS_FSR": [
      0.9998388107362375, 
      0.9998455907974936
    ], 
    "CMS_PU_2016": [
      0.9991084027792043, 
      1.0008011272341504
    ], 
    "PS_ISR": [
      0.9997549939507114, 
      1.0012448964712872
    ]
  }, 
  "sm_lin_quad_cM6": {},