{
  "sm_lin_quad_cT0": {
    "CMS_PU_2016": [
      1.0003974060891907, 
      1.001390139522398
    ]
  }, 
  "sm": {
    "CMS_PU_2016": [
      0.9982929276814497, 
      1.001679464584148
    ]
  }, 
  "quad_cT0": {
    "CMS_PU_2016": [
      1.0028457363553747, 
      1.0009684555442973
    ]
  }
}