{
  "sm_lin_quad_cT0": {
    "PS_FSR": [
      0.9998178446970393, 
      0.999757706069635
    ], 
    "CMS_PU_2016": [
      0.9991069501102021, 
      1.0008116998221706
    ], 
    "PS_ISR": [
      0.9998489852418336, 
      1.0019134382795716
    ]
  }, 
  "quad_cT0": {
    "PS_FSR": [
      0.9997381673272552, 
      0.9993085486124369
    ], 
    "CMS_PU_2016": [
      0.9991441789950143, 
      1.0008248612818555
    ], 
    "PS_ISR": [
      1.0003002506220888, 
      1.00441837610965
    ]
  }
}