{
  "ggWW": {
    "CMS_PU_2017": [
      1.0000719880084752, 
      0.999754354839089
    ]
  }, 
  "Vg": {
    "CMS_PU_2017": [
      0.9978657257270556, 
      1.0022841469465518
    ]
  }, 
  "VVV": {
    "CMS_PU_2017": [
      0.9997247178446871, 
      1.0004750114175216
    ]
  }, 
  "top": {
    "CMS_PU_2017": [
      1.000247916795676, 
      0.999848643195891
    ]
  }, 
  "Wjets": {
    "CMS_PU_2017": [
      0.9984122589281711, 
      1.0016876365376672
    ]
  },
  "Wjets_res": {
    "CMS_PU_2017": [
      0.9984122589281711, 
      1.0016876365376672
    ]
  },
  "Wjets_boost": {
    "CMS_PU_2017": [
      0.9984122589281711, 
      1.0016876365376672
    ]
  }, 
  "VBS": {
    "QCDscale_VBS": [
      1.054402293730381, 
      0.9640341753539801
    ], 
    "CMS_PU_2017": [
      1.000148910470167, 
      0.9999312716288549
    ]
  }, 
  "sm_dipole": {
    "CMS_PU_2017": [
      1.000148910470167, 
      0.9999312716288549
    ]
  }, 
  "VBF-V": {
    "CMS_PU_2017": [
      0.9996314826367474, 
      1.0004321972028625
    ]
  }, 
  "VBF-V_dipole": {
    "CMS_PU_2017": [
      0.9996314826367474, 
      1.0004321972028625
    ]
  },
  "VV": {
    "CMS_PU_2017": [
      0.9997786580245885, 
      1.000280079679146
    ]
  }, 
  "DY": {
    "CMS_PU_2017": [
      0.996458204231044, 
      1.003507156949331
    ]
  }, 
  "VgS": {
    "CMS_PU_2017": [
      0.9975886233439147, 
      1.0023525950360337
    ]
  },
  "sm": {
    "CMS_PU_2017": [
      1.0002261547940292, 
      0.9998632165309436
    ]
  }, 
  "sm_lin_quad_cT0": {
    "PS_FSR": [
      0.9978545117882234, 
      1.0010357875329334
    ], 
    "PS_ISR": [
      0.9989240293672829, 
      0.9994988696790822
    ], 
    "CMS_PU_2017": [
      1.000885749596763, 
      0.9990840372857117
    ]
  }, 
  "quad_cT0": {
    "PS_FSR": [
      0.9980384131456281, 
      0.9987483536295976
    ], 
    "PS_ISR": [
      0.9977427800375778, 
      0.9978978282037118
    ], 
    "CMS_PU_2017": [
      1.0003233178505189, 
      0.9998116517201477
    ]
  },
  "sm_lin_quad_cT1": {
    "PS_FSR": [
      0.9979394122698525, 
      1.0013390031573695
    ], 
    "PS_ISR": [
      0.9989179934830801, 
      0.9997116574474922
    ], 
    "CMS_PU_2017": [
      1.001081690217373, 
      0.9989773074051009
    ]
  }, 
  "quad_cT1": {
    "PS_FSR": [
      0.9987992718148391, 
      1.0006189834317896
    ], 
    "PS_ISR": [
      0.9975556903681826, 
      0.9992328539943555
    ], 
    "CMS_PU_2017": [
      1.0020935479553594, 
      0.9989761500448884
    ]
  }
}