{
  "ggWW": {
    "CMS_PU_2016": [
      0.9985943496457729, 
      1.0013677446520328
    ]
  }, 
  "Vg": {
    "CMS_PU_2016": [
      0.9967483546341074, 
      1.0031985696176036
    ]
  }, 
  "VVV": {
    "CMS_PU_2016": [
      0.9973210715009425, 
      1.0025700046163946
    ]
  }, 
  "top": {
    "CMS_PU_2016": [
      0.998057279188234, 
      1.0018943944769423
    ]
  }, 
  "Wjets_boost": {
    "CMS_PU_2016": [
      0.9976023508503975, 
      1.002400654916957
    ]
  }, 
  "Wjets": {
    "CMS_PU_2016": [
      0.9976023508503975, 
      1.002400654916957
    ]
  },
  "Wjets_res": {
    "CMS_PU_2016": [
      0.9976023508503975, 
      1.002400654916957
    ]
  }, 
  "VBS": {
    "QCDscale_VBS": [
      1.051090663883214, 
      1.0569991733658741
    ], 
    "CMS_PU_2016": [
      0.9982469104689934, 
      1.0017239864353633
    ]
  }, 
  "sm_dipole": { 
    "CMS_PU_2016": [
      0.9982469104689934, 
      1.0017239864353633
    ]
  }, 
  "VBF-V": {
    "CMS_PU_2016": [
      0.9980253176139439, 
      1.001912606210892
    ]
  },
  "VBF-V_dipole": {
    "CMS_PU_2016": [
      0.9980253176139439, 
      1.001912606210892
    ]
  }, 
  "VV": {
    "CMS_PU_2016": [
      0.9980076754381956, 
      1.0019387338500314
    ]
  }, 
  "DY": {
    "CMS_PU_2016": [
      0.9940928369285682, 
      1.0058793216647928
    ]
  }, 
  "VgS": {
    "CMS_PU_2016": [
      0.9963266367506513, 
      1.0038280718561263
    ]
  },
  "sm": {
    "CMS_PU_2016": [
      0.9982929276814497, 
      1.001679464584148
    ]
  },
  "sm_lin_quad_cT0": {
    "PS_FSR": [
      0.9998178446970393, 
      0.999757706069635
    ], 
    "CMS_PU_2016": [
      0.9991069501102021, 
      1.0008116998221706
    ], 
    "PS_ISR": [
      0.9998489852418336, 
      1.0019134382795716
    ]
  }, 
  "quad_cT0": {
    "PS_FSR": [
      0.9997381673272552, 
      0.9993085486124369
    ], 
    "CMS_PU_2016": [
      0.9991441789950143, 
      1.0008248612818555
    ], 
    "PS_ISR": [
      1.0003002506220888, 
      1.00441837610965
    ]
  },
  "sm_lin_quad_cT1": {
    "PS_FSR": [
      0.9998178446970392, 
      0.9997577060696349
    ], 
    "CMS_PU_2016": [
      0.999106950110202, 
      1.0008116998221703
    ], 
    "PS_ISR": [
      0.9998489852418335, 
      1.0019134382795711
    ]
  }, 
  "quad_cT1": {
    "PS_FSR": [
      0.9988328286498288, 
      0.996294345041646
    ], 
    "CMS_PU_2016": [
      0.9989303954244256, 
      1.0007749374758834
    ], 
    "PS_ISR": [
      1.0000196522271019, 
      1.0142023964197537
    ]
  }
}