{
  "sm_lin_quad_cT2": {
    "CMS_PU_2016": [
      0.9982301458912222, 
      1.001586801488128
    ]
  }, 
  "sm_lin_quad_cT0": {
    "CMS_PU_2016": [
      0.9988976656070647, 
      1.001076579758021
    ]
  }, 
  "quad_cT2": {}, 
  "sm": {
    "CMS_PU_2016": [
      0.9983804657124385, 
      1.00158290537671
    ]
  }, 
  "quad_cT0": {
    "CMS_PU_2016": [
      0.9990648643425174, 
      1.0009106274260775
    ]
  }
}