{
  "sm_lin_quad_cT1": {
    "PS_FSR": [
      0.9979394122698525, 
      1.0013390031573695
    ], 
    "PS_ISR": [
      0.9989179934830801, 
      0.9997116574474922
    ], 
    "CMS_PU_2017": [
      1.001081690217373, 
      0.9989773074051009
    ]
  }, 
  "quad_cT1": {
    "PS_FSR": [
      0.9987992718148391, 
      1.0006189834317896
    ], 
    "PS_ISR": [
      0.9975556903681826, 
      0.9992328539943555
    ], 
    "CMS_PU_2017": [
      1.0020935479553594, 
      0.9989761500448884
    ]
  }
}