{
  "sm_lin_quad_cT0": {
    "CMS_PU_2017": [
      1.0014943490888217, 
      0.9995452453926406
    ]
  }, 
  "sm": {
    "CMS_PU_2017": [
      1.0002261547940292, 
      0.9998632165309436
    ]
  }, 
  "quad_cT0": {
    "CMS_PU_2017": [
      1.0028370699300808, 
      0.999292603610615
    ]
  }
}