{
  "quad_cT1": {
    "PS_FSR": [
      1.0030551356591235, 
      0.9932735141316734
    ], 
    "PS_ISR": [
      0.998467266197747, 
      0.998007510582675
    ], 
    "CMS_PU_2017": [
      1.0027143684375108, 
      0.9972819464544459
    ]
  }, 
  "sm_lin_quad_cS2": {}, 
  "sm_lin_quad_cS0": {
    "PS_FSR": [
      0.9997260965053334, 
      0.9990665614238696
    ], 
    "PS_ISR": [
      0.998868817340987, 
      1.0000265378899351
    ], 
    "CMS_PU_2017": [
      1.0009618001729166, 
      0.9991932741283722
    ]
  }, 
  "quad_cT0": {
    "PS_FSR": [
      0.9984352578599657, 
      0.9985625727295916
    ], 
    "PS_ISR": [
      0.9977213112230532, 
      0.9979324299899898
    ], 
    "CMS_PU_2017": [
      1.0003322545200604, 
      0.9998055033447037
    ]
  }, 
  "quad_cS2": {}, 
  "quad_cS0": {
    "PS_FSR": [
      0.9994878995756704, 
      1.0034414937803067
    ], 
    "PS_ISR": [
      0.9990183984735053, 
      0.9978573887691591
    ], 
    "CMS_PU_2017": [
      0.9916638009105669, 
      1.00654958841405
    ]
  }, 
  "quad_cS1": {
    "PS_FSR": [
      0.9959663375355766, 
      1.0110235355379427
    ], 
    "PS_ISR": [
      0.9983867846024997, 
      0.9981636200302735
    ], 
    "CMS_PU_2017": [
      0.9978105922323766, 
      1.0022079353910804
    ]
  }, 
  "sm_lin_quad_cM8": {}, 
  "sm_lin_quad_cM9": {}, 
  "sm_lin_quad_cT1": {
    "PS_FSR": [
      0.9997260965053335, 
      0.9990665614238697
    ], 
    "PS_ISR": [
      0.9988688173409872, 
      1.0000265378899353
    ], 
    "CMS_PU_2017": [
      1.0009618001729166, 
      0.9991932741283723
    ]
  }, 
  "sm_lin_quad_cM3": {
    "PS_FSR": [
      0.9997260965053335, 
      0.9990665614238697
    ], 
    "PS_ISR": [
      0.9988688173409872, 
      1.0000265378899351
    ], 
    "CMS_PU_2017": [
      1.0009618001729168, 
      0.9991932741283723
    ]
  }, 
  "sm_lin_quad_cT0": {
    "PS_FSR": [
      0.9997260965053337, 
      0.9990665614238696
    ], 
    "PS_ISR": [
      0.9988688173409872, 
      1.0000265378899351
    ], 
    "CMS_PU_2017": [
      1.0009618001729166, 
      0.9991932741283726
    ]
  }, 
  "sm_lin_quad_cM2": {
    "PS_FSR": [
      0.9997260965053334, 
      0.9990665614238694
    ], 
    "PS_ISR": [
      0.998868817340987, 
      1.000026537889935
    ], 
    "CMS_PU_2017": [
      1.0009618001729166, 
      0.9991932741283723
    ]
  }, 
  "sm_lin_quad_cS1": {
    "PS_FSR": [
      0.9997260965053335, 
      0.9990665614238697
    ], 
    "PS_ISR": [
      0.998868817340987, 
      1.0000265378899351
    ], 
    "CMS_PU_2017": [
      1.0009618001729168, 
      0.9991932741283723
    ]
  }, 
  "quad_cM8": {}, 
  "quad_cM9": {}, 
  "quad_cM4": {
    "PS_FSR": [
      1.0035566916102259, 
      0.9905040519575928
    ], 
    "PS_ISR": [
      0.9985848841702097, 
      0.9981481039894626
    ], 
    "CMS_PU_2017": [
      1.0021535642456842, 
      0.9974386247595115
    ]
  }, 
  "quad_cM5": {
    "PS_FSR": [
      1.0034142703510112, 
      0.9906894464788719
    ], 
    "PS_ISR": [
      0.9986463389109274, 
      0.998269267510092
    ], 
    "CMS_PU_2017": [
      1.0021910861993102, 
      0.9970503572328109
    ]
  }, 
  "quad_cM6": {}, 
  "quad_cM7": {
    "PS_FSR": [
      1.004846209459889, 
      0.9887567724702175
    ], 
    "PS_ISR": [
      0.9980618199944059, 
      0.9984452318765633
    ], 
    "CMS_PU_2017": [
      1.001411355633997, 
      0.9983288782018359
    ]
  }, 
  "quad_cM0": {
    "PS_FSR": [
      0.9983140466055713, 
      0.9986639720444779
    ], 
    "PS_ISR": [
      0.9977005448969916, 
      0.9978320116829291
    ], 
    "CMS_PU_2017": [
      1.0002830682840305, 
      0.9998537550176112
    ]
  }, 
  "quad_cM1": {
    "PS_FSR": [
      1.0030852434453508, 
      0.9913329674274276
    ], 
    "PS_ISR": [
      0.9981605854940786, 
      0.9979127852649661
    ], 
    "CMS_PU_2017": [
      1.0008941527147124, 
      0.9989836132801454
    ]
  }, 
  "quad_cM2": {
    "PS_FSR": [
      0.9988172874891903, 
      0.9975078774764725
    ], 
    "PS_ISR": [
      0.9978628355106873, 
      0.9979528981022359
    ], 
    "CMS_PU_2017": [
      1.000462302019627, 
      0.9996704425311174
    ]
  }, 
  "quad_cM3": {
    "PS_FSR": [
      1.0018903914378592, 
      0.9924958831865611
    ], 
    "PS_ISR": [
      0.9983506912110849, 
      0.9977625465401684
    ], 
    "CMS_PU_2017": [
      1.0027116514034353, 
      0.9962702259467036
    ]
  }, 
  "quad_cT7": {
    "PS_FSR": [
      1.0011682241864353, 
      0.9933065191433157
    ], 
    "PS_ISR": [
      0.9980663266569075, 
      0.9982100340670467
    ], 
    "CMS_PU_2017": [
      1.0008821964659704, 
      0.9990859566536027
    ]
  }, 
  "quad_cT6": {
    "PS_FSR": [
      1.00648373464246, 
      0.9827036957723032
    ], 
    "PS_ISR": [
      0.9987263149180026, 
      0.9981432238175242
    ], 
    "CMS_PU_2017": [
      1.002528996001922, 
      0.9971596855273243
    ]
  }, 
  "quad_cT5": {
    "PS_FSR": [
      0.9988955726944498, 
      0.9976569968333893
    ], 
    "PS_ISR": [
      0.9979318634732918, 
      0.9980392913302727
    ], 
    "CMS_PU_2017": [
      1.0004450302118078, 
      0.9996898667732085
    ]
  }, 
  "quad_cT4": {
    "PS_FSR": [
      1.0042233443452686, 
      0.986705841192324
    ], 
    "PS_ISR": [
      0.9984321551195656, 
      0.998104922810766
    ], 
    "CMS_PU_2017": [
      1.001928808663413, 
      0.997870169355603
    ]
  }, 
  "quad_cT3": {
    "PS_FSR": [
      1.0035281322847385, 
      0.9927489654025906
    ], 
    "PS_ISR": [
      0.9984047681845384, 
      0.9979323470632987
    ], 
    "CMS_PU_2017": [
      1.002934163991207, 
      0.9970523737951805
    ]
  }, 
  "quad_cT2": {
    "PS_FSR": [
      1.0009367033770573, 
      0.9969154753043388
    ], 
    "PS_ISR": [
      0.9984542041318683, 
      0.9974373619133391
    ], 
    "CMS_PU_2017": [
      1.0027265032135293, 
      0.9973934760015711
    ]
  }, 
  "sm_lin_quad_cT9": {
    "PS_FSR": [
      0.9997260965053337, 
      0.9990665614238696
    ], 
    "PS_ISR": [
      0.9988688173409872, 
      1.000026537889935
    ], 
    "CMS_PU_2017": [
      1.0009618001729166, 
      0.9991932741283723
    ]
  }, 
  "sm_lin_quad_cT8": {
    "PS_FSR": [
      0.9997260965053335, 
      0.9990665614238697
    ], 
    "PS_ISR": [
      0.9988688173409872, 
      1.0000265378899353
    ], 
    "CMS_PU_2017": [
      1.000961800172917, 
      0.9991932741283726
    ]
  }, 
  "sm_lin_quad_cT7": {
    "PS_FSR": [
      0.9997260965053337, 
      0.9990665614238696
    ], 
    "PS_ISR": [
      0.9988688173409872, 
      1.0000265378899353
    ], 
    "CMS_PU_2017": [
      1.0009618001729166, 
      0.9991932741283726
    ]
  }, 
  "sm_lin_quad_cT6": {
    "PS_FSR": [
      0.9997260965053334, 
      0.9990665614238694
    ], 
    "PS_ISR": [
      0.9988688173409872, 
      1.0000265378899351
    ], 
    "CMS_PU_2017": [
      1.0009618001729166, 
      0.9991932741283723
    ]
  }, 
  "sm_lin_quad_cT5": {
    "PS_FSR": [
      0.9997260965053334, 
      0.9990665614238694
    ], 
    "PS_ISR": [
      0.998868817340987, 
      1.0000265378899347
    ], 
    "CMS_PU_2017": [
      1.0009618001729166, 
      0.9991932741283722
    ]
  }, 
  "sm_lin_quad_cT4": {
    "PS_FSR": [
      0.9997260965053334, 
      0.9990665614238694
    ], 
    "PS_ISR": [
      0.998868817340987, 
      1.0000265378899351
    ], 
    "CMS_PU_2017": [
      1.0009618001729166, 
      0.9991932741283722
    ]
  }, 
  "sm_lin_quad_cT3": {
    "PS_FSR": [
      0.9997260965053338, 
      0.9990665614238696
    ], 
    "PS_ISR": [
      0.9988688173409872, 
      1.000026537889935
    ], 
    "CMS_PU_2017": [
      1.0009618001729168, 
      0.9991932741283723
    ]
  }, 
  "sm_lin_quad_cT2": {
    "PS_FSR": [
      0.9997260965053335, 
      0.9990665614238694
    ], 
    "PS_ISR": [
      0.998868817340987, 
      1.0000265378899351
    ],