{
  "sm_lin_quad_cT0": {
    "PS_FSR": [
      0.9978545117882234, 
      1.0010357875329334
    ], 
    "PS_ISR": [
      0.9989240293672829, 
      0.9994988696790822
    ], 
    "CMS_PU_2017": [
      1.000885749596763, 
      0.9990840372857117
    ]
  }, 
  "quad_cT0": {
    "PS_FSR": [
      0.9980384131456281, 
      0.9987483536295976
    ], 
    "PS_ISR": [
      0.9977427800375778, 
      0.9978978282037118
    ], 
    "CMS_PU_2017": [
      1.0003233178505189, 
      0.9998116517201477
    ]
  }
}