{
  "sm_lin_quad_cT0": {
    "CMS_PU_2017": [
      1.0006003413362734, 
      0.9997667223606875
    ]
  }, 
  "sm": {
    "CMS_PU_2017": [
      1.000212176848234, 
      0.9998638389271768
    ]
  }, 
  "quad_cT0": {
    "CMS_PU_2017": [
      1.0028370699300473, 
      0.9992926036105995
    ]
  }
}