{
  "sm_lin_quad_cT0": {
    "CMS_PU_2017": [
      1.0006003413361944, 
      0.9997667223606364
    ]
  }, 
  "sm": {
    "CMS_PU_2017": [
      1.0002121768480599, 
      0.9998638389270592
    ]
  }, 
  "quad_cT0": {
    "CMS_PU_2017": [
      1.0028370699300808, 
      0.9992926036106151
    ]
  }
}