{
  "sm_lin_quad_cM2": {
    "PS_FSR": [
      0.9978953987672375, 
      1.001334143711351
    ], 
    "PS_ISR": [
      0.999133070293978, 
      0.9997442115248539
    ], 
    "CMS_PU_2017": [
      1.0010005884449367, 
      0.9989496786770049
    ]
  }, 
  "sm_lin_quad_cS0": {
    "PS_FSR": [
      0.9978763625678156, 
      1.0013657957715083
    ], 
    "PS_ISR": [
      0.9991445414808633, 
      0.999743210929445
    ], 
    "CMS_PU_2017": [
      1.001009455247871, 
      0.9989306882846474
    ]
  }, 
  "sm_lin_quad_cS1": {
    "PS_FSR": [
      0.9978799540172741, 
      1.0013480798470655
    ], 
    "PS_ISR": [
      0.9991454683818688, 
      0.9997417484663224
    ], 
    "CMS_PU_2017": [
      1.0010088413144689, 
      0.998931424127319
    ]
  }, 
  "quad_cS0": {
    "PS_FSR": [
      0.9917556362626766, 
      1.0085107552346997
    ], 
    "PS_ISR": [
      0.9982963012584536, 
      0.9991233332490083
    ], 
    "CMS_PU_2017": [
      0.9960417715089852, 
      0.9987556448656069
    ]
  }, 
  "quad_cS1": {
    "PS_FSR": [
      0.998278295988248, 
      0.9973413437593618
    ], 
    "PS_ISR": [
      0.9982342240340764, 
      0.9981735532749098
    ], 
    "CMS_PU_2017": [
      0.999734111002521, 
      0.9992403455372985
    ]
  }, 
  "sm_lin_quad_cM3": {
    "PS_FSR": [
      0.9978962675531173, 
      1.0013389835910655
    ], 
    "PS_ISR": [
      0.9991373545629942, 
      0.9997484156877691
    ], 
    "CMS_PU_2017": [
      1.0010036363966186, 
      0.998945744923577
    ]
  }, 
  "quad_cM4": {
    "PS_FSR": [
      0.9963785628929479, 
      1.0064006235829377
    ], 
    "PS_ISR": [
      0.9978738644961381, 
      0.9991583071789681
    ], 
    "CMS_PU_2017": [
      1.005394853570258, 
      0.9934719624381115
    ]
  }, 
  "quad_cM5": {
    "PS_FSR": [
      0.9946646273144638, 
      1.008846088335856
    ], 
    "PS_ISR": [
      0.9987068824290074, 
      0.9982701813824455
    ], 
    "CMS_PU_2017": [
      1.006193552271482, 
      0.9926376298606322
    ]
  }, 
  "quad_cM6": {}, 
  "quad_cM7": {
    "PS_FSR": [
      0.995592550603207, 
      1.0075681353341848
    ], 
    "PS_ISR": [
      0.9976082049847332, 
      0.9990998550974852
    ], 
    "CMS_PU_2017": [
      1.003977113345687, 
      0.9963763768794559
    ]
  }, 
  "quad_cM0": {
    "PS_FSR": [
      0.9976173475421615, 
      0.9990698505558503
    ], 
    "PS_ISR": [
      0.9977228640223353, 
      0.9978135011755918
    ], 
    "CMS_PU_2017": [
      1.000280414867487, 
      0.9998475805565042
    ]
  }, 
  "quad_cM1": {
    "PS_FSR": [
      0.9958289654385949, 
      1.0057444794510724
    ], 
    "PS_ISR": [
      0.9980516268866565, 
      0.998167580571401
    ], 
    "CMS_PU_2017": [
      1.0035733380019178, 
      0.9963106015414311
    ]
  }, 
  "quad_cM2": {
    "PS_FSR": [
      0.9973238473683845, 
      0.9999287285601308
    ], 
    "PS_ISR": [
      0.9976156420129147, 
      0.9982839245567923
    ], 
    "CMS_PU_2017": [
      1.0004676271289101, 
      0.9996673114985901
    ]
  }, 
  "quad_cM3": {
    "PS_FSR": [
      0.9923028982580373, 
      1.0104807281300223
    ], 
    "PS_ISR": [
      0.9981882453041199, 
      0.998011526186658
    ], 
    "CMS_PU_2017": [
      1.0068063103815328, 
      0.9920828856688041
    ]
  }, 
  "quad_cT7": {
    "PS_FSR": [
      0.9978639551902166, 
      1.0016010347768185
    ], 
    "PS_ISR": [
      0.9972113587257196, 
      0.9993005398006896
    ], 
    "CMS_PU_2017": [
      1.002094971957576, 
      0.997776465642971
    ]
  }, 
  "quad_cT6": {
    "PS_FSR": [
      0.998215894932052, 
      1.0068370647521865
    ], 
    "PS_ISR": [
      0.996733869259153, 
      1.000660797615343
    ], 
    "CMS_PU_2017": [
      1.0081322009132192, 
      0.9905466696724359
    ]
  }, 
  "quad_cT5": {
    "PS_FSR": [
      0.9976149891847301, 
      0.9997214986646924
    ], 
    "PS_ISR": [
      0.9976823988471931, 
      0.9983743205994996
    ], 
    "CMS_PU_2017": [
      1.000409015763015, 
      0.9997168278894771
    ]
  }, 
  "quad_cT4": {
    "PS_FSR": [
      0.9980656360245717, 
      1.0054642400431395
    ], 
    "PS_ISR": [
      0.9969119373890356, 
      1.0000110404728353
    ], 
    "CMS_PU_2017": [
      1.0063483747139874, 
      0.9928413702271611
    ]
  }, 
  "sm_lin_quad_cM0": {
    "PS_FSR": [
      0.9978822801956464, 
      1.0013531988432356
    ], 
    "PS_ISR": [
      0.9991387442892544, 
      0.9997346898882322
    ], 
    "CMS_PU_2017": [
      1.0010119713302486, 
      0.9989310429249433
    ]
  }, 
  "quad_cT2": {
    "PS_FSR": [
      0.9985119579972636, 
      0.9999618885305273
    ], 
    "PS_ISR": [
      0.9976025780445811, 
      0.9984965013899961
    ], 
    "CMS_PU_2017": [
      1.001354116517985, 
      0.9995303726203617
    ]
  }, 
  "sm_lin_quad_cT9": {
    "PS_FSR": [
      0.9978950361087959, 
      1.001260079064158
    ], 
    "PS_ISR": [
      0.9991089570430176, 
      0.9997536569279867
    ], 
    "CMS_PU_2017": [
      1.001019187150164, 
      0.9989133511873108
    ]
  }, 
  "sm_lin_quad_cT8": {
    "PS_FSR": [
      0.9978664163613818, 
      1.001319913771108
    ], 
    "PS_ISR": [
      0.9991202830846075, 
      0.9997674573800135
    ], 
    "CMS_PU_2017": [
      1.0010268711476487, 
      0.9989013705770893
    ]
  }, 
  "sm_lin_quad_cT7": {
    "PS_FSR": [
      0.9978688577461788, 
      1.001309639348947
    ], 
    "PS_ISR": [
      0.999119393939567, 
      0.999762357010103
    ], 
    "CMS_PU_2017": [
      1.0010325124302624, 
      0.9988966016452357
    ]
  }, 
  "sm_lin_quad_cT6": {
    "PS_FSR": [
      0.9978632600170286, 
      1.0013580241807034
    ], 
    "PS_ISR": [
      0.9991092981179128, 
      0.999771358956923
    ], 
    "CMS_PU_2017": [
      1.0010647622349194, 
      0.9988567678029547
    ]
  }, 
  "sm_lin_quad_cT5": {
    "PS_FSR": [
      0.9978499608798496, 
      1.001444476382956
    ], 
    "PS_ISR": [
      0.9990473339572378, 
      0.9997428074428062
    ], 
    "CMS_PU_2017": [
      1.0009642380530883, 
      0.9989761139476914
    ]
  }, 
  "sm_lin_quad_cT4": {
    "PS_FSR": [
      0.997842871332451, 
      1.001480877847661
    ], 
    "PS_ISR": [
      0.9990784251078333, 
      0.9997838332394643
    ], 
    "CMS_PU_2017": [
      1.000967280586437, 
      0.998961823447108
    ]
  }, 
  "sm_lin_quad_cT3": {
    "PS_FSR": [
      0.9978634509888524, 
      1.0014531536002487
    ], 
    "PS_ISR": [
      0.9990335030640517, 
      0.9997679438451265
    ], 
    "CMS_PU_2017": [
      1.0009900385688453, 
      0.9989746390784195
    ]
  }, 
  "sm_lin_quad_cT2": {
    "PS_FSR": [
      0.9978366541451404, 
      1.0014567267259713
    ], 
    "PS_ISR": [
      0.9990409659176407, 
      0.9997565165541156
    ], 
    "CMS_PU_2017": [
      1.0009679010287071, 
      0.998985403785277
    ]
  }, 
  "quad_cT9": {
    "PS_FSR": [
      0.9996307395900993, 
      0.9972306136307805
    ], 
    "PS_ISR": [
      0.9982235673877988, 
      0.99888071684402
    ], 
    "CMS_PU_2017": [
      1.000531248629212, 
      0.9996509127537639
    ]
  }, 
  "quad_cT8": {
    "PS_FSR": [
      0.7804651697225404, 
      2.2044183898117
    ], 
    "PS_ISR": [
      0.820729927613218, 
      1.3792611215171375
    ], 
    "CMS_PU_2017": [
      0.9694356397042231, 
      0.9344840503661709
    ]
  }, 
  "sm_lin_quad_cM4": {
    "PS_FSR": [
      0.9978942041232144, 
      1.0013248658888396
    ], 
    "PS_ISR": [
      0.9991357105639355, 
      0.9997499252992569
    ], 
    "CMS_PU_2017": [
      1.001007643238172, 
      0.9989431428985883
    ]
  }, 
  "sm_lin_quad_cM5": {
    "PS_FSR": [
      0.997896213805962, 
      1.0013288194765702
    ], 
    "PS_ISR": [
      0.9991248634419072, 
      0.9997583186766195
    ], 
    "CMS_PU_2017": [
      1.0009805659569875, 
      0.9989640822986796
    ]
  }, 
  "sm_lin_quad_cM6": {},