{
  "sm_lin_quad_cT0": {
    "CMS_PU_2018": [
      0.9996101132784446, 
      1.0012472809938746
    ]
  }, 
  "sm": {
    "CMS_PU_2018": [
      0.9996144571509848, 
      1.0005028450359459
    ]
  }, 
  "quad_cT0": {
    "CMS_PU_2018": [
      0.9996698640354422, 
      1.0057568148301743
    ]
  }
}