{
  "sm_lin_quad_cM2": {
    "PS_FSR": [
      1.000347947388815, 
      0.9997081966900986
    ], 
    "PS_ISR": [
      0.9985166705889407, 
      1.0003891035526773
    ], 
    "CMS_PU_2018": [
      1.0004203966678016, 
      0.9998980620029679
    ]
  }, 
  "sm_lin_quad_cS0": {
    "PS_FSR": [
      1.0003639341327437, 
      0.9996331048054846
    ], 
    "PS_ISR": [
      0.9985186001132683, 
      1.000402549462563
    ], 
    "CMS_PU_2018": [
      1.000416957299085, 
      0.9999017319099897
    ]
  }, 
  "sm_lin_quad_cS1": {
    "PS_FSR": [
      1.0003500571181005, 
      0.9996638540470448
    ], 
    "PS_ISR": [
      0.9985207163882751, 
      1.000397151765833
    ], 
    "CMS_PU_2018": [
      1.00040993646055, 
      0.9999106500519386
    ]
  }, 
  "quad_cS0": {
    "PS_FSR": [
      0.9819687346325118, 
      1.049149454794748
    ], 
    "PS_ISR": [
      0.9966953077676137, 
      1.0009472553978027
    ], 
    "CMS_PU_2018": [
      0.995020278380744, 
      1.007658007802807
    ]
  }, 
  "quad_cS1": {
    "PS_FSR": [
      0.9948866243346806, 
      1.0022920913206101
    ], 
    "PS_ISR": [
      0.9975197023478862, 
      0.9994792072492633
    ], 
    "CMS_PU_2018": [
      0.9999714888526575, 
      1.0007857108358715
    ]
  }, 
  "sm_lin_quad_cM3": {
    "PS_FSR": [
      1.0003995293337014, 
      0.9995974899325324
    ], 
    "PS_ISR": [
      0.998506623689256, 
      1.0004065166218337
    ], 
    "CMS_PU_2018": [
      1.0004081995695457, 
      0.9999181607477419
    ]
  }, 
  "quad_cM4": {
    "PS_FSR": [
      0.9967761588501257, 
      1.006577260915105
    ], 
    "PS_ISR": [
      0.9977171359674233, 
      0.9992652090261248
    ], 
    "CMS_PU_2018": [
      1.0009972193945922, 
      0.9990176115535451
    ]
  }, 
  "quad_cM5": {
    "PS_FSR": [
      0.9970244224783866, 
      1.0064598038355101
    ], 
    "PS_ISR": [
      0.9973481392646807, 
      1.0000050302606347
    ], 
    "CMS_PU_2018": [
      1.0010878128283243, 
      0.9992713547254951
    ]
  }, 
  "quad_cM6": {}, 
  "quad_cM7": {
    "PS_FSR": [
      0.9968252135170849, 
      1.005868428834021
    ], 
    "PS_ISR": [
      0.9970009053430925, 
      0.9997658266555045
    ], 
    "CMS_PU_2018": [
      1.0009318401040401, 
      0.999493046977802
    ]
  }, 
  "quad_cM0": {
    "PS_FSR": [
      0.9976058008232674, 
      0.9996015852175231
    ], 
    "PS_ISR": [
      0.9977191929692867, 
      0.99778764965033
    ], 
    "CMS_PU_2018": [
      0.9995498791786985, 
      1.00070336887683
    ]
  }, 
  "quad_cM1": {
    "PS_FSR": [
      0.9964449140175491, 
      1.0043954086516171
    ], 
    "PS_ISR": [
      0.9971207986053545, 
      0.999194271723466
    ], 
    "CMS_PU_2018": [
      1.000770908119973, 
      0.9995052526640722
    ]
  }, 
  "quad_cM2": {
    "PS_FSR": [
      0.9972124950182802, 
      1.0003431840479415
    ], 
    "PS_ISR": [
      0.9976733392342467, 
      0.9980272164849368
    ], 
    "CMS_PU_2018": [
      0.9988356205848093, 
      1.0014906213035766
    ]
  }, 
  "quad_cM3": {
    "PS_FSR": [
      0.9938048830535657, 
      1.0080338137516884
    ], 
    "PS_ISR": [
      0.9969118300744869, 
      0.9994917973301667
    ], 
    "CMS_PU_2018": [
      1.0009583377634652, 
      0.9999088369527539
    ]
  }, 
  "quad_cT7": {
    "PS_FSR": [
      0.9975604944207598, 
      1.0029207835788128
    ], 
    "PS_ISR": [
      0.9975125012843473, 
      0.9988497495617732
    ], 
    "CMS_PU_2018": [
      0.999806867542721, 
      1.0003537693143936
    ]
  }, 
  "quad_cT6": {
    "PS_FSR": [
      0.9961414660143152, 
      1.0125705627954809
    ], 
    "PS_ISR": [
      0.9975028284636974, 
      1.0001069242974792
    ], 
    "CMS_PU_2018": [
      1.002707095180084, 
      0.9968801475224381
    ]
  }, 
  "quad_cT5": {
    "PS_FSR": [
      0.997415085446609, 
      1.0003092562018143
    ], 
    "PS_ISR": [
      0.9977807853169993, 
      0.9980781162469796
    ], 
    "CMS_PU_2018": [
      0.9988834609736543, 
      1.0014381840510593
    ]
  }, 
  "quad_cT4": {
    "PS_FSR": [
      0.9962691481874448, 
      1.0091956770949237
    ], 
    "PS_ISR": [
      0.9976106487348356, 
      0.9993826512128344
    ], 
    "CMS_PU_2018": [
      1.001629481302958, 
      0.9982449384953372
    ]
  }, 
  "sm_lin_quad_cM0": {
    "PS_FSR": [
      1.0003324742798152, 
      0.9996787875647268
    ], 
    "PS_ISR": [
      0.998515601221827, 
      1.0003889775850536
    ], 
    "CMS_PU_2018": [
      1.0004030717766719, 
      0.9999177501620944
    ]
  }, 
  "quad_cT2": {
    "PS_FSR": [
      1.0010063774911562, 
      0.9903308882409388
    ], 
    "PS_ISR": [
      0.9991686571950832, 
      0.9965509701741759
    ], 
    "CMS_PU_2018": [
      0.993213019939489, 
      1.0030429460093808
    ]
  }, 
  "sm_lin_quad_cT9": {
    "PS_FSR": [
      1.0003413583722591, 
      0.9997469454127659
    ], 
    "PS_ISR": [
      0.9985525861477926, 
      1.000328989526546
    ], 
    "CMS_PU_2018": [
      1.0004015593857412, 
      0.9999175454942829
    ]
  }, 
  "sm_lin_quad_cT8": {
    "PS_FSR": [
      1.0003716115325885, 
      0.9997418411855238
    ], 
    "PS_ISR": [
      0.9985558318341519, 
      1.0003506609364319
    ], 
    "CMS_PU_2018": [
      1.0004148863388687, 
      0.9999064131208266
    ]
  }, 
  "sm_lin_quad_cT7": {
    "PS_FSR": [
      1.0003670780613396, 
      0.9997449766957877
    ], 
    "PS_ISR": [
      0.9985547007575987, 
      1.0003456619013458
    ], 
    "CMS_PU_2018": [
      1.0004132506880996, 
      0.9999081651551195
    ]
  }, 
  "sm_lin_quad_cT6": {
    "PS_FSR": [
      1.0003498687540953, 
      0.9998042957655321
    ], 
    "PS_ISR": [
      0.9985521328569246, 
      1.0003472683976966
    ], 
    "CMS_PU_2018": [
      1.0004263579932817, 
      0.9998916213164358
    ]
  }, 
  "sm_lin_quad_cT5": {
    "PS_FSR": [
      1.0002922100196388, 
      0.9997611816175902
    ], 
    "PS_ISR": [
      0.9985369891010458, 
      1.0002908816321654
    ], 
    "CMS_PU_2018": [
      1.0003724672830547, 
      0.9999492894237424
    ]
  }, 
  "sm_lin_quad_cT4": {
    "PS_FSR": [
      1.0003640834017682, 
      0.9997621819108128
    ], 
    "PS_ISR": [
      0.9985550766796328, 
      1.0003473976359716
    ], 
    "CMS_PU_2018": [
      1.0004165872089932, 
      0.9999047902351703
    ]
  }, 
  "sm_lin_quad_cT3": {
    "PS_FSR": [
      1.0003801716614074, 
      0.999576035566027
    ], 
    "PS_ISR": [
      0.9985633792774541, 
      1.0002674857989
    ], 
    "CMS_PU_2018": [
      1.0002515984042135, 
      0.9999711463080174
    ]
  }, 
  "sm_lin_quad_cT2": {
    "PS_FSR": [
      1.000384487767208, 
      0.9995347239772909
    ], 
    "PS_ISR": [
      0.9985808987264159, 
      1.000242412289022
    ], 
    "CMS_PU_2018": [
      1.000247322829481, 
      0.999974883264141
    ]
  }, 
  "quad_cT9": {
    "PS_FSR": [
      0.9981571069400952, 
      0.9999091993065065
    ], 
    "PS_ISR": [
      0.998440281073252, 
      0.9986115056060768
    ], 
    "CMS_PU_2018": [
      0.9993481319409564, 
      1.0008061421944991
    ]
  }, 
  "quad_cT8": {
    "PS_FSR": [
      0.95451218807558, 
      1.061389425503827
    ], 
    "PS_ISR": [
      0.9902961589340892, 
      1.0094025597928153
    ], 
    "CMS_PU_2018": [
      0.9944501978989766, 
      1.0012547396982778
    ]
  }, 
  "sm_lin_quad_cM4": {
    "PS_FSR": [
      1.000398516465164, 
      0.9996003999981838
    ], 
    "PS_ISR": [
      0.9985065586278917, 
      1.000405903296229
    ], 
    "CMS_PU_2018": [
      1.0004085296661165, 
      0.9999174221681159
    ]
  }, 
  "sm_lin_quad_cM5": {
    "PS_FSR": [
      1.0003537744231452, 
      0.9997585009178606
    ], 
    "PS_ISR": [
      0.9985571103566722, 
      1.0003499511331533
    ], 
    "CMS_PU_2018": [
      1.000412876706724, 
      0.999907680126243
    ]
  }, 
  "sm_lin_quad_cM6": {},