{
  "sm_lin_quad_cT1": {
    "PS_FSR": [
      1.0003377309975021, 
      0.9991637642233974
    ], 
    "PS_ISR": [
      0.9985532630415506, 
      1.0000783323397886
    ], 
    "CMS_PU_2018": [
      0.9997770592917602, 
      1.0001854813108393
    ]
  }, 
  "quad_cT1": {
    "PS_FSR": [
      1.0003291456933228, 
      0.9940572681393602
    ], 
    "PS_ISR": [
      0.9983582314489848, 
      0.9982360759349553
    ], 
    "CMS_PU_2018": [
      0.9949099014766112, 
      1.0024079656018672
    ]
  }
}