{
  "quad_cT1": {
    "PS_FSR": [
      1.0047622927199338, 
      0.9886867520117573
    ], 
    "PS_ISR": [
      0.9978001640216898, 
      0.9991039433018216
    ], 
    "CMS_PU_2018": [
      0.9990630904949365, 
      1.0001709875589881
    ]
  }, 
  "sm_lin_quad_cS2": {}, 
  "sm_lin_quad_cS0": {
    "PS_FSR": [
      0.9992974176181756, 
      0.9996004221927275
    ], 
    "PS_ISR": [
      0.9991727077994276, 
      0.9996071690699135
    ], 
    "CMS_PU_2018": [
      1.000425823416807, 
      0.9997192948739058
    ]
  }, 
  "quad_cT0": {
    "PS_FSR": [
      0.9986411491962226, 
      0.9980367767642272
    ], 
    "PS_ISR": [
      0.9977461028821848, 
      0.9978672082864286
    ], 
    "CMS_PU_2018": [
      0.9994837717967651, 
      1.0006550033635238
    ]
  }, 
  "quad_cS2": {}, 
  "quad_cS0": {
    "PS_FSR": [
      1.0051074957570725, 
      0.97382572472592
    ], 
    "PS_ISR": [
      1.0029607155807148, 
      0.9924129414727324
    ], 
    "CMS_PU_2018": [
      0.9906196325320409, 
      1.007059883231971
    ]
  }, 
  "quad_cS1": {
    "PS_FSR": [
      0.9977291975928805, 
      0.9980048688647116
    ], 
    "PS_ISR": [
      0.998682344007897, 
      0.997846208802464
    ], 
    "CMS_PU_2018": [
      0.9942875887603613, 
      1.0052707067670479
    ]
  }, 
  "sm_lin_quad_cM8": {}, 
  "sm_lin_quad_cM9": {}, 
  "sm_lin_quad_cT1": {
    "PS_FSR": [
      0.9992982897803948, 
      0.9995986303668737
    ], 
    "PS_ISR": [
      0.9991729841455275, 
      0.9996071565400231
    ], 
    "CMS_PU_2018": [
      1.0004267245990401, 
      0.9997185152159841
    ]
  }, 
  "sm_lin_quad_cM3": {
    "PS_FSR": [
      0.9992972628596895, 
      0.9996006690251947
    ], 
    "PS_ISR": [
      0.9991725314938998, 
      0.9996073973984333
    ], 
    "CMS_PU_2018": [
      1.0004259389377708, 
      0.9997192625768356
    ]
  }, 
  "sm_lin_quad_cT0": {
    "PS_FSR": [
      0.9992988756513231, 
      0.9995984332932659
    ], 
    "PS_ISR": [
      0.9991731449258436, 
      0.9996068262293909
    ], 
    "CMS_PU_2018": [
      1.000426250829401, 
      0.9997188959255072
    ]
  }, 
  "sm_lin_quad_cM2": {
    "PS_FSR": [
      0.9992973468926232, 
      0.9996018894041444
    ], 
    "PS_ISR": [
      0.9991728311191107, 
      0.9996070583303159
    ], 
    "CMS_PU_2018": [
      1.0004247255275531, 
      0.9997204087182612
    ]
  }, 
  "sm_lin_quad_cS1": {
    "PS_FSR": [
      0.9992976467397567, 
      0.9996006608960659
    ], 
    "PS_ISR": [
      0.9991727662136629, 
      0.9996071164435603
    ], 
    "CMS_PU_2018": [
      1.0004257455441068, 
      0.9997193539894943
    ]
  }, 
  "quad_cM8": {}, 
  "quad_cM9": {}, 
  "quad_cM4": {
    "PS_FSR": [
      1.028419921298572, 
      0.9346652275486944
    ], 
    "PS_ISR": [
      0.9974889332845728, 
      0.9996453375539609
    ], 
    "CMS_PU_2018": [
      1.0084476911455422, 
      0.9893779295221752
    ]
  }, 
  "quad_cM5": {
    "PS_FSR": [
      1.0255255436748598, 
      0.9407200718327435
    ], 
    "PS_ISR": [
      0.9989463485441957, 
      0.9974049832496883
    ], 
    "CMS_PU_2018": [
      1.0073130582083678, 
      0.9913878025940602
    ]
  }, 
  "quad_cM6": {}, 
  "quad_cM7": {
    "PS_FSR": [
      1.0112361317052774, 
      0.9694763537163374
    ], 
    "PS_ISR": [
      0.9994584439519046, 
      0.996186656768379
    ], 
    "CMS_PU_2018": [
      1.0034075897601462, 
      0.9960801585964916
    ]
  }, 
  "quad_cM0": {
    "PS_FSR": [
      0.9986983539133854, 
      0.9976261305488551
    ], 
    "PS_ISR": [
      0.9977117391538556, 
      0.9977846754784099
    ], 
    "CMS_PU_2018": [
      0.9993608725189699, 
      1.0007851000806964
    ]
  }, 
  "quad_cM1": {
    "PS_FSR": [
      1.0082508894608821, 
      0.9757208384782332
    ], 
    "PS_ISR": [
      0.9992000336138208, 
      0.9960676550236753
    ], 
    "CMS_PU_2018": [
      1.002721029034327, 
      0.9969722095267491
    ]
  }, 
  "quad_cM2": {
    "PS_FSR": [
      0.9990420910797072, 
      0.9970596199310282
    ], 
    "PS_ISR": [
      0.997854811467204, 
      0.9978889413708677
    ], 
    "CMS_PU_2018": [
      0.9995571753945814, 
      1.000541307336657
    ]
  }, 
  "quad_cM3": {
    "PS_FSR": [
      1.0130130883976365, 
      0.9621403703930277
    ], 
    "PS_ISR": [
      1.0010208870446513, 
      0.993204389428832
    ], 
    "CMS_PU_2018": [
      1.0034187716876937, 
      0.9967527147411898
    ]
  }, 
  "quad_cT7": {
    "PS_FSR": [
      1.0116206185197607, 
      0.9705014985268104
    ], 
    "PS_ISR": [
      0.9973036490816436, 
      0.999450975561126
    ], 
    "CMS_PU_2018": [
      1.0035295107996818, 
      0.9955199861372479
    ]
  }, 
  "quad_cT6": {
    "PS_FSR": [
      1.0611617606008366, 
      0.8808139187422023
    ], 
    "PS_ISR": [
      0.9943104106528483, 
      1.005038896476012
    ], 
    "CMS_PU_2018": [
      1.0169495484257487, 
      0.978480302807006
    ]
  }, 
  "quad_cT5": {
    "PS_FSR": [
      0.9991067547926161, 
      0.9972071985103178
    ], 
    "PS_ISR": [
      0.9979373399132294, 
      0.9979669538896255
    ], 
    "CMS_PU_2018": [
      0.9995541799420462, 
      1.0005463999858644
    ]
  }, 
  "quad_cT4": {
    "PS_FSR": [
      1.0448769209739268, 
      0.90719104316057
    ], 
    "PS_ISR": [
      0.9951435284765918, 
      1.00326968189684
    ], 
    "CMS_PU_2018": [
      1.012499832619271, 
      0.98392649785767
    ]
  }, 
  "quad_cT3": {
    "PS_FSR": [
      1.0055870659851027, 
      0.987162724587872
    ], 
    "PS_ISR": [
      0.9977214898686317, 
      0.9990772456116235
    ], 
    "CMS_PU_2018": [
      0.9990193668021875, 
      1.0000950483958182
    ]
  }, 
  "quad_cT2": {
    "PS_FSR": [
      1.0024815503090048, 
      0.9933956875118977
    ], 
    "PS_ISR": [
      0.9976114321765526, 
      0.998603975567115
    ], 
    "CMS_PU_2018": [
      0.9979152190511293, 
      1.0014680191564607
    ]
  }, 
  "sm_lin_quad_cT9": {
    "PS_FSR": [
      0.9992966243486369, 
      0.9996028110317744
    ], 
    "PS_ISR": [
      0.9991733584652989, 
      0.9996070070402512
    ], 
    "CMS_PU_2018": [
      1.0004267483960751, 
      0.9997186603386656
    ]
  }, 
  "sm_lin_quad_cT8": {
    "PS_FSR": [
      0.9992981284439031, 
      0.9996010691794963
    ], 
    "PS_ISR": [
      0.9991733666024303, 
      0.9996069191693018
    ], 
    "CMS_PU_2018": [
      1.0004274785399572, 
      0.9997176115559646
    ]
  }, 
  "sm_lin_quad_cT7": {
    "PS_FSR": [
      0.9992986205932458, 
      0.9995998043681903
    ], 
    "PS_ISR": [
      0.9991731658183098, 
      0.9996070861256188
    ], 
    "CMS_PU_2018": [
      1.0004280288154002, 
      0.9997170415236002
    ]
  }, 
  "sm_lin_quad_cT6": {
    "PS_FSR": [
      0.9992993206927074, 
      0.9995985022416779
    ], 
    "PS_ISR": [
      0.9991732442335469, 
      0.9996070102108697
    ], 
    "CMS_PU_2018": [
      1.0004276465767648, 
      0.9997174618173521
    ]
  }, 
  "sm_lin_quad_cT5": {
    "PS_FSR": [
      0.9992984351277194, 
      0.9995972372283312
    ], 
    "PS_ISR": [
      0.9991727162242651, 
      0.9996075631447554
    ], 
    "CMS_PU_2018": [
      1.000426603957495, 
      0.9997185657397633
    ]
  }, 
  "sm_lin_quad_cT4": {
    "PS_FSR": [
      0.9992985430176805, 
      0.999596898104899
    ], 
    "PS_ISR": [
      0.9991727068848997, 
      0.9996075742357919
    ], 
    "CMS_PU_2018": [
      1.0004267006260033, 
      0.9997185241458875
    ]
  }, 
  "sm_lin_quad_cT3": {
    "PS_FSR": [
      0.9992984306368456, 
      0.9995984441103116
    ], 
    "PS_ISR": [
      0.999172973689856, 
      0.9996071427347023
    ], 
    "CMS_PU_2018": [
      1.000426947343955, 
      0.9997182922795224
    ]
  }, 
  "sm_lin_quad_cT2": {
    "PS_FSR": [
      0.9992981143101226, 
      0.9995986430146736
    ], 
    "PS_ISR": [
      0.9991728293201686, 
      0.9996073616633947
    ],