{
  "sm_lin_quad_cT0": {
    "PS_FSR": [
      0.9997019323122341, 
      0.9969151653368787
    ], 
    "PS_ISR": [
      0.998658696690407, 
      0.9985932240093613
    ], 
    "CMS_PU_2018": [
      0.9996416101908179, 
      1.0029853086296754
    ]
  }, 
  "sm": {
    "PS_FSR": [
      0.9985113134955196, 
      1.000751765121241
    ], 
    "PS_ISR": [
      0.9986835793733069, 
      1.0002634762561609
    ], 
    "CMS_PU_2018": [
      0.9995880531388592, 
      1.000527226109427
    ]
  }, 
  "quad_cT0": {
    "PS_FSR": [
      1.0005813740172758, 
      0.9931051872857165
    ], 
    "PS_ISR": [
      0.9985780603431375, 
      0.9967964629843628
    ], 
    "CMS_PU_2018": [
      0.999669864035465, 
      1.0057568148301728
    ]
  }
}