{
  "sm_lin_quad_cT0": {
    "PS_FSR": [
      0.99844787240456, 
      1.0000979275594335
    ], 
    "PS_ISR": [
      0.9977506016165596, 
      0.998606562903414
    ], 
    "CMS_PU_2018": [
      0.9996022054120309, 
      1.0005449567819014
    ]
  }, 
  "sm": {
    "PS_FSR": [
      0.9985914216873906, 
      1.0006230116364248
    ], 
    "PS_ISR": [
      0.9987459531369896, 
      1.000204924342712
    ], 
    "CMS_PU_2018": [
      0.9996144571509848, 
      1.0005028450359459
    ]
  }, 
  "quad_cT0": {
    "PS_FSR": [
      0.9984680637993971, 
      0.9999734948151896
    ], 
    "PS_ISR": [
      0.997555177084571, 
      0.9982444006712582
    ], 
    "CMS_PU_2018": [
      0.9996017205973924, 
      1.0005478575944857
    ]
  }
}