{
  "quad_cT2": {
    "PS_FSR": [
      1.0100016790880224, 
      1.0060769420190494
    ], 
    "PS_ISR": [
      0.9998429391417767, 
      0.9970620133530095
    ], 
    "CMS_PU_2018": [
      0.9923133027643786, 
      1.007258232591117
    ]
  }, 
  "sm_lin_quad_cT2": {
    "PS_FSR": [
      1.002603804739909, 
      1.0021027024629936
    ], 
    "PS_ISR": [
      0.9990598113339014, 
      0.9990385626483455
    ], 
    "CMS_PU_2018": [
      0.9970620833805152, 
      1.002835493281797
    ]
  }
}