{
  "sm_lin_quad_cT0": {
    "PS_FSR": [
      1.000037931603383, 
      0.9996438662836495
    ], 
    "PS_ISR": [
      0.9984475114164982, 
      0.9999910292378338
    ], 
    "CMS_PU_2018": [
      1.0002855967731925, 
      1.0000180834441625
    ]
  }, 
  "quad_cT0": {
    "PS_FSR": [
      0.9980814886725774, 
      0.9990362704441709
    ], 
    "PS_ISR": [
      0.9977570415502052, 
      0.9978558096259216
    ], 
    "CMS_PU_2018": [
      0.9995791153239434, 
      1.000619704656012
    ]
  }
}