{
  "sm_lin_quad_cT0": {
    "PS_FSR": [
      0.9988646158083825, 
      0.9996143210331443
    ], 
    "PS_ISR": [
      0.9986765854377178, 
      0.9997709049369118
    ], 
    "CMS_PU_2018": [
      0.9996101132785583, 
      1.001247280994022
    ]
  }, 
  "sm": {
    "PS_FSR": [
      0.9985914216874046, 
      1.0006230116363592
    ], 
    "PS_ISR": [
      0.9987459531370572, 
      1.0002049243427682
    ], 
    "CMS_PU_2018": [
      0.9996144571510492, 
      1.0005028450360254
    ]
  }, 
  "quad_cT0": {
    "PS_FSR": [
      1.000581374017276, 
      0.9931051872857165
    ], 
    "PS_ISR": [
      0.9985780603431375, 
      0.9967964629843629
    ], 
    "CMS_PU_2018": [
      0.999669864035465, 
      1.0057568148301728
    ]
  }
}