{
  "sm_lin_quad_cT0": {
      "CMS_PU_2017": [
      1.0003595940408918, 
      0.9998016175199482
    ]
  }, 
  "sm": {
    "CMS_PU_2017": [
      1.0002121768480599, 
      0.9998638389270594
    ]
  }, 
  "quad_cT0": { 
    "CMS_PU_2017": [
      1.000405337329664, 
      0.999788019839428
    ]
  }
}